<xml xmlns="https://developers.google.com/blockly/xml"><block type="when_started" id="Q!^ZqS4/(a/0XL$cIi-~" deletable="false" x="-676" y="-464"><data>Main</data><next><block type="move_steering" id="zZhG3d^9x=|ie~:A:WN7"><field name="units">PERCENT</field><data>Main</data><value name="steering"><shadow type="math_number" id="bp7;h_v*kATG!T!g]9m2"><field name="NUM">0</field><data>Main</data></shadow></value><value name="speed"><shadow type="math_number" id="zJ@4g+7.gQ@[iUzp+kXP"><field name="NUM">20</field><data>Main</data></shadow></value></block></next></block></xml>