{
  "name": "singleFollower",
  "shortDescription": "#robot-singleFollowerShort#",
  "longDescription": "#robot-singleFollowerLong#",
  "longerDescription": "<h3>#robot-dimensions#</h3><ul><li>#robot-wheelDiameter#: 5.6 cm</li><li>#robot-wheelSpacing#: 15.2 cm</li></ul><h3>#robot-actuators#</h3><ul><li>#robot-port# A : #robot-leftWheel#</li><li>#robot-port# B : #robot-rightWheel#</li><li>#robot-port# C : #robot-electromagnet#</li></ul><h3>#robot-sensors#</h3><ul><li>#robot-port# 1 : #robot-color#</li><li>#robot-port# 2 : #robot-ultrasonic#</li><li>#robot-port# 3 : #robot-gyro#</li><li>#robot-port# 4 : GPS</li><li>#robot-port# 5 : Pen</li></ul>",
  "thumbnail": "images/robots/singleFollower.jpg",
  "bodyHeight": 4,
  "bodyWidth": 14,
  "bodyLength": 16,
  "wheels": true,
  "wheelDiameter": 5.6,
  "wheelWidth": 0.8,
  "wheelToBodyOffset": 0.2,
  "bodyEdgeToWheelCenterY": 1,
  "bodyEdgeToWheelCenterZ": 2,
  "bodyMass": 1000,
  "wheelMass": 200,
  "casterMass": 0,
  "caster": true,
  "wheelFriction": 10,
  "bodyFriction": 0,
  "casterFriction": 0,
  "color": "#F09C0D",
  "imageType": "all",
  "imageURL": "",
  "components": [
    {
      "type": "ColorSensor",
      "position": [
        0,
        -1,
        9
      ],
      "rotation": [
        1.5707963267948966,
        0,
        0
      ],
      "options": null
    },
    {
      "type": "UltrasonicSensor",
      "position": [
        0,
        2.5,
        8
      ],
      "rotation": [
        0,
        0,
        0
      ],
      "options": null
    },
    {
      "type": "GyroSensor",
      "position": [
        0,
        2.5,
        2.5
      ],
      "options": null
    },
    {
      "type": "GPSSensor",
      "position": [
        0,
        2.5,
        5
      ],
      "options": null
    },
    {
      "type": "MagnetActuator",
      "position": [
        0,
        -1,
        3
      ],
      "rotation": [
        0,
        0,
        0
      ],
      "options": null
    },
    {
      "type": "Pen",
      "position": [
        0,
        0,
        6
      ],
      "rotation": [
        0,
        0,
        0
      ],
      "options": null
    }
  ]
}